,lsa_rouge1,lsa_rouge2,lsa_rouge3,lsa_rougeL,lsa_sentiment_mse,clustering_rouge1,clustering_rouge2,clustering_rouge3,clustering_rougeL,clustering_sentiment_mse,statistical_rouge1,statistical_rouge2,statistical_rouge3,statistical_rougeL,statistical_sentiment_mse
Business,0.6668242159033396,0.5774012846979986,0.5488471773696616,0.46169351514577534,0.11148451721576644,0.5049176888202543,0.3483024220737131,0.31604635761979405,0.3418090009293573,0.10851238610552302,0.6213908004881443,0.4877657782840452,0.45741984816052184,0.4143103359552274,0.07527265241892818
Entertainment,0.671869928606922,0.5892319673433131,0.5611331576341013,0.4750127732127234,0.12488663412954178,0.4815735363540107,0.3266062325735483,0.29571144038687147,0.3351458410447108,0.13594154364366706,0.6327767841569968,0.511654913364526,0.4838833113437606,0.42809510591921934,0.08760012713007206
Politics,0.6958209063601268,0.6090780659052378,0.5787509636466353,0.4379792176369777,0.11271635224859604,0.5215135479201841,0.3531694838876431,0.3162801335461495,0.32397581636124706,0.10591487801711812,0.6583727196092671,0.523097607383657,0.4904580021222328,0.4021037447978415,0.071967060849234
Sport,0.6629870789965802,0.5796098960101055,0.5519542732990717,0.4551703388908546,0.12222700272284232,0.4763411361057872,0.3237173577708129,0.294733288546604,0.31801900697694874,0.12487476048521119,0.6272061749765416,0.5124724288413007,0.48617772468816983,0.4177594342518204,0.10618888693015387
Tech,0.7095798981142504,0.6115828947307868,0.5796968536160463,0.4321013594353478,0.08305398519249921,0.5305215925050739,0.35173112926829425,0.31471117292483486,0.31463401781234807,0.08377990255046056,0.6511232900899001,0.4969479458164304,0.46345404137079177,0.3769079822391333,0.054222224135464146
