,lsa_rouge1,lsa_rouge2,lsa_rouge3,lsa_rougeL,lsa_sentiment_mse,clustering_rouge1,clustering_rouge2,clustering_rouge3,clustering_rougeL,clustering_sentiment_mse,statistical_rouge1,statistical_rouge2,statistical_rouge3,statistical_rougeL,statistical_sentiment_mse
Business,0.6668242159033396,0.5774012846979986,0.5488471773696616,0.46169351514577534,0.35240837247450013,0.5049176888202543,0.3483024220737131,0.31604635761979405,0.3418090009293573,0.35382235781908866,0.6213908004881443,0.4877657782840452,0.45741984816052184,0.4143103359552274,0.2953785610388044
Entertainment,0.6717238379917829,0.5889937939014576,0.5608460925731089,0.47470500898349755,0.3797918345599269,0.4815735363540107,0.3266062325735483,0.29571144038687147,0.3351458410447108,0.3952244359093453,0.6327767841569968,0.511654913364526,0.4838833113437606,0.42809510591921934,0.3193065518871626
Politics,0.6958209063601268,0.6090780659052378,0.5787509636466353,0.4379792176369777,0.35825331346829614,0.5215135479201841,0.3531694838876431,0.3162801335461495,0.32397581636124706,0.34707897024565415,0.6583727196092671,0.523097607383657,0.4904580021222328,0.4021037447978415,0.2885252392281815
Sport,0.6628753838168917,0.5794541160742753,0.5517938919150832,0.45499456281766826,0.37266867968629847,0.4763411361057872,0.3237173577708129,0.294733288546604,0.31801900697694874,0.382936991370837,0.6272061749765416,0.5124724288413007,0.48617772468816983,0.4177594342518204,0.3439800579332824
Tech,0.7095798981142504,0.6115828947307868,0.5796968536160463,0.4321013594353478,0.30949840262355854,0.5305215925050739,0.35173112926829425,0.31471117292483486,0.31463401781234807,0.3119100827107791,0.6511232900899001,0.4969479458164304,0.46345404137079177,0.3769079822391333,0.2536281369291959
